Stemmed_Title,Stemmed_Excerpt,Stemmed_Pub_Date
consum api respons,etiquett tabl manner ping peopl server,nov 2022
creat seri post navig jekyl,add jekyl post seri seri navig,feb 2022
practic guid light dark mode bootstrap 5 jekyl,implement light dark mode bootstrap 5 jekyl websit,jan 2022
nemo ubuntu file manag know need,celebr 2022 shini new file manag ubuntu,jan 2022
announc fediverseto,work search engin fedivers instanc,jan 2022
easi pretti url redirect jekyl netlifi,combin jekyl netlifi creat pretti url redirect easi 123,nov 2021
link jekyl page back git sourc code,add link back public git host link ani static jekyl blog,nov 2021
optimis jpg png imag jekyl websit,use cli tool gener resiz optimis thumbnail articl header imag,nov 2021
quick easi clientsid javascript search lunrj,display search result ani json data object browser use lunrj,nov 2021
creat light dark theme websit right way use preferscolorschem,blur line desktop web let os style websit webapp,oct 2021
make linux app notion mastodon ani web app use nativefi,notion awesom life manag mastodon great decentralis internet shenanigan nativefi enjoy app ubuntu 2004,oct 2021
insert dynam data jekyl static site use python bash,autogener jekyl configur file content avoid creat api backend,oct 2021
introduct ansibl,ansibl answer custom script tool eventu snowbal kludg break thing fix,aug 2021
introduct yaml,yaml whi time start use,aug 2021
introduct jekyl,jekyl framework build websit write content markdown use htmlcss structur present jekyl compil static html server backend fuss,aug 2021
multimachin setup configur vagrant,ever need test app databas know use vagrant bring multipl test machin onc,aug 2021
provis vagrant,ansibl work well provis vagrant box everyth instal getgo,aug 2021
introduct vagrant,vagrant help run oper system comput mean build thing test thing crazi shit without blow system,aug 2021
guid web scrape python use beautifulsoup,webscrap use often neglect technic skill beautifulsoup librari python make extract html web page easi,aug 2021
use variabl jekyl defin custom content,recent discov jekyl configyml use defin custom variabl reus content feel like live rock thi time err human,aug 2021
evolut ayushsharmain jekyl bootstrap netlifi static websit respons design,thi articl highlight idea jekyl collect blog categori page respons webdesign netlifytoml make static websit mainten breez,jul 2021
5 key best practic sane usabl terraform setup,top 5 lesson learn 5 year terraform,jul 2021
cloud infrastructur sast scan terraform secur vulner noncompli use checkov,thi articl explor checkov static code analysi tool terraform,jul 2021
terraform helm match made heavenhel,discov terraform deploy helm chart well sure like,jul 2021
autom argocd use argocd,thi tutori show automat creat multipl applic argocd use argocd,jul 2021
get start argocd,thi post meet argocd simpl pullbas gitop deploy tool sync k8 manifest file cluster easi nononsens deploy,jul 2021
creat readytous aw secur group use terraform registri name group name rule,creat parameter aw secur group quickli consist terraform registri,sep 2020
creat aw vpc 2 minut terraform registri,creat parameter aw vpc quickli consist terraform registri,sep 2020
continu deliveri gitlab push docker imag dockerhub use gitlab pipelin,build push docker imag dockerhub use gitlab pipelin featur,jun 2020
configur elasticsearch snapshot use slm googl comput engin,tutori configur automat snapshot elasticsearch use inbuilt snapshot lifecycl manag googl comput engin,jun 2020
work home softwar engin,time attent primari resourc deploy wise,jun 2020
viru cloud tip aw costsav weird time,2020 year startup tri save aggres cloud spend list key learn base experi,apr 2020
replic bitbucket pipelin laptop local debug,love bitbucket pipelin debug laptop even easier thank docker contain show debug serverless deploy diagnos broken build,mar 2020
clone anoth bitbucket repositori bitbucket pipelin,show allow one bitbucket repo clone anoth dure pipelin build,feb 2020
deploy git submodul bitbucket pipelin,git submodul make easi repo common depend actual clone bitbucket pipelin,feb 2020
autom amazon elast contain ecr contain build use bitbucket pipelin,show build docker imag pipelin push contain registri thi case amazon ecr,aug 2019
tame aw cost cost usag report aw athena,aw cost usag report aw athena vital understand cloud spend show handi athena queri break thing,aug 2019
export bitucket repositori pipelin python,bitbucket doe offer dashboard yet easi way fetch inform repo pipelin wrote handi python script job great configur alert build nearrealtim dashboard,jun 2019
rediscov logo bob turtl,veri first program languag wa logo still rememb guid fuzzi littl onscreen turtl draw simpl complex shape found logo python modul took walk memori lane,jun 2019
autom serverless framework deploy use bitbucket pipelin,opensourc serverless framework make easi build deploy lambda stack walk deploy serverless app automat use pipelin,may 2019
autom aw lambda deploy use bitbucket pipelin bitbucket pipe,pipe anoth great continu deliveri featur bitbucket prebuilt readytous parameter deploy job,may 2019
algorithm python exchang sort,note implement basic exchang sort algorithm python,mar 2019
three way devop note phoenix project,phoenix project one approach book devop avail today highli recommend especi alreadi know conway law,jan 2019
work numpi python,udac python nanodegre introduc use numpi handl larg array dataset python put note togther referenc later,oct 2018
data type python,quick note describ basic data type python3 featur,sep 2018
docker tweettoot practic guid deploy app use docker,tweettoot person project twitter relay mastodon social network recent docker setup put note togeth explain process,sep 2018
sublimetext 3 setup jekyl develop,sublimetext ha cool plugin set basic jekyl develop environ take look,sep 2018
gartner magic quadrant summari cloud infrastructureasaservic provid last 5 year,gartner magic quadrant wa one first industri report read cover cloud vendor head strength weak took time consolid gartner find last 5 year comparison,sep 2018
tweettoot build bot mastodon use python,join mastodon social network 2016 felt need build twitter relay left birdsit mani reason peopl met thi project way bring mastodon practic spirit,sep 2018
move cloudflar stackpath,love cloudflar face issu ttfb decid move stackpath prove lot faster featurerich,jul 2018
understand vendor lockin break cycl,went one gartner report say key break vendor lockin commit fulli singl technolog vendor cloud softwar provid social network favorit share app seem controversi surfac want jot quick note mayb approach worth experi,jul 2018
roll cluster deploy terraform,terraform enabl infrastructur provis even use deploy combin packer veri power immut roll deploy pipelin,jul 2018
work terraform modul,terraform modul featur allow quickli build reusabl infrastructur templat provis cloud environ repeat note help set basic applic highavail,jul 2018
get start terraform,basic walkthrough terraform opensourc cloudagnost iac tool hashicorp maker vagrant,oct 2017
upgrad http2,time move web properti http2 list gotcha look migrat,sep 2017
http secur header referrerpolici,web collect interconnect page thi mean chanc good someon land websit come anoth one leav websit take lot identifi inform http2 allow control happen referr inform user leav websit,sep 2017
http secur header xcontenttypeopt,http2 introduc new featur basic turn old default featur browser hanker figur content type resourc whi turn,sep 2017
http secur header xframeopt,inlinefram enabl veri basic phish attack includ bank main websit within websit lure user handov password http2 come builtin protect thi kind threat,sep 2017
http secur header httpstricttransportsecur,hst secur featur prevent user access websit nonsecur http come http2 easi turn veri hard turn whi,sep 2017
http secur header xxssprotect,http2 come builtin protect xss doe turn,sep 2017
http secur header contentsecuritypolici,http2 csp let u defin whitelist allow block websit thi let u browser block thirdparti tracker tri annoyharm user whi,sep 2017
kill disqu comment blog whi,ad disqu comment platform blog time ago found wa load way mani track cooki inlin profil websit user thi build orwellian softwar shitti softwar,sep 2017
post messag slack use incom webhook python3 request api,slack ha becom favorit devopssr team across globe veri easytous programmat messag platform quick easi process post messag slack group python,sep 2017
use packer ansibl creat immut server deploy code recycl instanc,packer amaz golden imag builder ansibl great deploy tool let u use togeth,sep 2017
get start packer,packer basic docker whole vm anoth great tool hashicorp thi one modernis old formula retain simplic build immut server wa never thi easi,sep 2017
differ way deploy code year road immut server,took walk memori lane tri figur much daili work ha chang concept still tool becom bigger becaus need shift dramat year,sep 2017
test aw elast load balanc health check endpoint python,quick script adhoc healthcheck load balanc instanc,sep 2017
complet nginx monitor collectd influxdb,recent discov influxdb great writeheavi databas store metric note monitor golden signal nginx use collectd influxdb,aug 2017
deploy jekyl blog automat use bitbucket pipelin,becaus whi build jekyl websit deploy vm choic,aug 2017
migrat mysql databas tabl influxdb,ever need migrat mysql databas influxdb say use mysql metric databas becaus busi know influx even exist thi handi python script job take care schema migrat,aug 2017
back influxdb databas s3,handi bash script backup influxdb databas aw s3 great cron job,aug 2017
set grafana use collectd influxdb,grafana provid outofthebox support influxdb visualis metric collect use collectd etc straightforward,aug 2017
set collectd influxdb mac os x,quick copypast process instal collectd influxdb mac local test,aug 2017
get start timeseri data use influxdb,quick comparison relat v timeseri databas follow brief handson tutori influxdb local mac os,aug 2017
get start server metric collect collectd,collectd cbase daemon fast lightweight metric shipper,aug 2017
retri strategi transient failur,veri basic realiti comput network fail doe way retri connect make life easier client well,aug 2017
use rout 53 load balanc,aw elast load balanc job well get pricey natur tri use route53 load balanc traffic wa lot harder thought thi experi succeed note approach better luck next time,aug 2017
mysql databas backup s3,handi bash script backup mysql databas aw s3,aug 2017
mastodon user instanc sqlite3 use python,titl realli say export data json ingest sqlite3,apr 2017
ultim guid use mail linux,instal mutt send email commandlin fast cli switch memor worth look use cli send email lot,apr 2017
fix valueerrorunknown local localenam python,get 3 guess solut could,mar 2017
get start xinetd,xinetd lightweight straightfoward http server power nginx great simpl thing like configur health check,mar 2017
get citi countri isp ip address use maxmind geoip,maxmind geoip databas use look countri isp inform ip address,mar 2017
aw gc azur digit ocean incid servic 2016,pull data technolog incid major cloud servic find pretti interest,mar 2017
someth say ii,confess firefight ignor smoke,mar 2017
use weight geo failov rout rout 53,work one recent project involv set multiregion failov weightedrout support thank route53 ha builtin,mar 2017
still might need stage server 2017,2017 cloud ha matur leap bound still need stage server,mar 2017
aw gc azur digit ocean incid 2016,pull data technolog incid major cloud platform find pretti interest,mar 2017
someth say,ten year anoth job one go care whether ran product server heart soul care save money care ran effici thing still compromis valu,mar 2017
connect vpc 2 aw region sitetosit vpn,stepbystep guid connect 2 aw vpss use selfhost strongswan vpn,feb 2017
instal php 7 fpm mysql 57 nginx 110 ubuntu 1604,instruct instal php7 mysql 57 nginx 110 ubuntu 1604 veri copypast,feb 2017
work logic volum manag lvm,note logic volum manag whi use,feb 2017
fiddl logrot,logrot one builtin linux thing use often enough rotat log archiv s3 push remot serverendpoint etc doabl logrot,jan 2017
aw rout 53 note,route53 whi whi,jan 2017
aw eb type readwrit benchmark,ran hdparm dd gp2 piop sc1 st1 magnet eb volum check result,jan 2017
log aw spot instanc termin,aw spot instanc provid 90 save ondemand server downsid aw yank whenev want 2 minut back thing know start pistol fire,oct 2016
decompress request use gzip nginx,use lua modul nginx decompress gzip data requir extra handl,oct 2016
compress output use gzip php 53,pretti hard compress output gzip php 53 case ever need,oct 2016
introduct loadbalanc nginx,explor basic selfhost loadbalanc nginx use conveni test setup use vagrant,aug 2016
read jwt token phalcon,read respons json web token php phalcon,aug 2016
set custom 404 control phalcon,codeignit phalcon wa second php framework use blazingli fast easytous one first thing wa creat custom 404 respons control,aug 2016
dn record type,quick guid differ dn record type,aug 2016
secur nginx let u encrypt free ssl certif,let u encrypt selfhost industrystandard method gener ssl certif applic still pay ssl certif wrong,aug 2016
vertic scale v horizont scale,differ vertic horizont scale may simpl critic use cloud technolog effect,aug 2016
essenti vim keyboard shortcut,quick guid essenti vim shortcut,aug 2016
note aw sq,aw sq whi whi,aug 2016
mysql physic backup innobackupex,innobackupex part percona xtrabackup perform physic backup mysql databas,aug 2016
introduct mysql partit,mysql partit basic whi,aug 2016
introduct fluentd,legaci log infrastructur deal today wa design human machin lot effort wast tri make backend system understand log data,aug 2016
nano keyboard shortcut,quick refer nano shortcut,aug 2016
json web token,follow document ass possibl use jwt pronounc jot token exchang mechan api,aug 2016
hello world,hello world littl blue thing,aug 2016
rise argonaut review,stun level design innov combat system beauti charact model make thi game worth time money,jun 2009
guid better town manag caesar iii,caesar iii challeng even town product,jul 2005
metal fatigu review,review metal fatigu last great mech game landbas underground orbit combat,jul 2005
command conquer red alert 2 review,review command conquer red alert 2 one best rt game time,jul 2005
top 10 tip command conquer red alert 2,troubl command conquer red alert 2 basic beginn thing rememb play,jun 2005
command conquer red alert 2 red revolut walkthrough,walkthrough command conquer red alert 2 penultim mission red revolut,jun 2005
black white tip edit game,handi tip game brief tutori edit game,jun 2005
command conquer red alert 2 chronostorm walkthrough,walkthrough command conquer red alert 2 final alli mission chronostorm,jun 2005
